zone_id,floor,area_m2,height_m,envelope_UA_W_K,capacitance_kJ_K,solar_aperture_m2,people,lighting_W_m2,equipment_W_m2,outdoor_air_L_s_person,infiltration_ACH,heat_recovery_sensible,heat_recovery_latent,fcu_kW,fan_W,occupied_start,occupied_end,weekend,input_status
Z001,0,57.52692307692308,3.5,115.05384615384617,8629.038461538463,4.602153846153847,6.385488461538462,8.0,11.73,10.0,0.2,0.0,0.0,5.752692307692309,115.05384615384617,8,17,4|5,ASSUMED_UNVERIFIED
Z002,0,57.52692307692308,3.5,115.05384615384617,8629.038461538463,4.602153846153847,6.385488461538462,8.0,11.73,10.0,0.2,0.0,0.0,5.752692307692309,115.05384615384617,8,17,4|5,ASSUMED_UNVERIFIED
Z003,0,57.52692307692308,3.5,115.05384615384617,8629.038461538463,4.602153846153847,6.385488461538462,8.0,11.73,10.0,0.2,0.0,0.0,5.752692307692309,115.05384615384617,8,17,4|5,ASSUMED_UNVERIFIED
Z004,0,57.52692307692308,3.5,115.05384615384617,8629.038461538463,4.602153846153847,6.385488461538462,8.0,11.73,10.0,0.2,0.0,0.0,5.752692307692309,115.05384615384617,8,17,4|5,ASSUMED_UNVERIFIED
Z005,0,57.52692307692308,3.5,115.05384615384617,8629.038461538463,4.602153846153847,6.385488461538462,8.0,11.73,10.0,0.2,0.0,0.0,5.752692307692309,115.05384615384617,8,17,4|5,ASSUMED_UNVERIFIED
Z006,0,57.52692307692308,3.5,115.05384615384617,8629.038461538463,4.602153846153847,6.385488461538462,8.0,11.73,10.0,0.2,0.0,0.0,5.752692307692309,115.05384615384617,8,17,4|5,ASSUMED_UNVERIFIED
Z007,0,57.52692307692308,3.5,115.05384615384617,8629.038461538463,4.602153846153847,6.385488461538462,8.0,11.73,10.0,0.2,0.0,0.0,5.752692307692309,115.05384615384617,8,17,4|5,ASSUMED_UNVERIFIED
Z008,0,57.52692307692308,3.5,115.05384615384617,8629.038461538463,4.602153846153847,6.385488461538462,8.0,11.73,10.0,0.2,0.0,0.0,5.752692307692309,115.05384615384617,8,17,4|5,ASSUMED_UNVERIFIED
Z009,0,57.52692307692308,3.5,115.05384615384617,8629.038461538463,4.602153846153847,6.385488461538462,8.0,11.73,10.0,0.2,0.0,0.0,5.752692307692309,115.05384615384617,8,17,4|5,ASSUMED_UNVERIFIED
Z010,0,57.52692307692308,3.5,115.05384615384617,8629.038461538463,4.602153846153847,6.385488461538462,8.0,11.73,10.0,0.2,0.0,0.0,5.752692307692309,115.05384615384617,8,17,4|5,ASSUMED_UNVERIFIED
Z011,0,57.52692307692308,3.5,115.05384615384617,8629.038461538463,4.602153846153847,6.385488461538462,8.0,11.73,10.0,0.2,0.0,0.0,5.752692307692309,115.05384615384617,8,17,4|5,ASSUMED_UNVERIFIED
Z012,0,57.52692307692308,3.5,115.05384615384617,8629.038461538463,4.602153846153847,6.385488461538462,8.0,11.73,10.0,0.2,0.0,0.0,5.752692307692309,115.05384615384617,8,17,4|5,ASSUMED_UNVERIFIED
Z013,0,57.52692307692308,3.5,115.05384615384617,8629.038461538463,4.602153846153847,6.385488461538462,8.0,11.73,10.0,0.2,0.0,0.0,5.752692307692309,115.05384615384617,8,17,4|5,ASSUMED_UNVERIFIED
Z014,0,57.52692307692308,3.5,115.05384615384617,8629.038461538463,4.602153846153847,6.385488461538462,8.0,11.73,10.0,0.2,0.0,0.0,5.752692307692309,115.05384615384617,8,17,4|5,ASSUMED_UNVERIFIED
Z015,0,57.52692307692308,3.5,115.05384615384617,8629.038461538463,4.602153846153847,6.385488461538462,8.0,11.73,10.0,0.2,0.0,0.0,5.752692307692309,115.05384615384617,8,17,4|5,ASSUMED_UNVERIFIED
Z016,0,57.52692307692308,3.5,115.05384615384617,8629.038461538463,4.602153846153847,6.385488461538462,8.0,11.73,10.0,0.2,0.0,0.0,5.752692307692309,115.05384615384617,8,17,4|5,ASSUMED_UNVERIFIED
Z017,0,57.52692307692308,3.5,115.05384615384617,8629.038461538463,4.602153846153847,6.385488461538462,8.0,11.73,10.0,0.2,0.0,0.0,5.752692307692309,115.05384615384617,8,17,4|5,ASSUMED_UNVERIFIED
Z018,0,57.52692307692308,3.5,115.05384615384617,8629.038461538463,4.602153846153847,6.385488461538462,8.0,11.73,10.0,0.2,0.0,0.0,5.752692307692309,115.05384615384617,8,17,4|5,ASSUMED_UNVERIFIED
Z019,0,57.52692307692308,3.5,115.05384615384617,8629.038461538463,4.602153846153847,6.385488461538462,8.0,11.73,10.0,0.2,0.0,0.0,5.752692307692309,115.05384615384617,8,17,4|5,ASSUMED_UNVERIFIED
Z020,0,57.52692307692308,3.5,115.05384615384617,8629.038461538463,4.602153846153847,6.385488461538462,8.0,11.73,10.0,0.2,0.0,0.0,5.752692307692309,115.05384615384617,8,17,4|5,ASSUMED_UNVERIFIED
Z021,0,57.52692307692308,3.5,115.05384615384617,8629.038461538463,4.602153846153847,6.385488461538462,8.0,11.73,10.0,0.2,0.0,0.0,5.752692307692309,115.05384615384617,8,17,4|5,ASSUMED_UNVERIFIED
Z022,0,57.52692307692308,3.5,115.05384615384617,8629.038461538463,4.602153846153847,6.385488461538462,8.0,11.73,10.0,0.2,0.0,0.0,5.752692307692309,115.05384615384617,8,17,4|5,ASSUMED_UNVERIFIED
Z023,0,57.52692307692308,3.5,115.05384615384617,8629.038461538463,4.602153846153847,6.385488461538462,8.0,11.73,10.0,0.2,0.0,0.0,5.752692307692309,115.05384615384617,8,17,4|5,ASSUMED_UNVERIFIED
Z024,0,57.52692307692308,3.5,115.05384615384617,8629.038461538463,4.602153846153847,6.385488461538462,8.0,11.73,10.0,0.2,0.0,0.0,5.752692307692309,115.05384615384617,8,17,4|5,ASSUMED_UNVERIFIED
Z025,0,57.52692307692308,3.5,115.05384615384617,8629.038461538463,4.602153846153847,6.385488461538462,8.0,11.73,10.0,0.2,0.0,0.0,5.752692307692309,115.05384615384617,8,17,4|5,ASSUMED_UNVERIFIED
Z026,0,57.52692307692308,3.5,115.05384615384617,8629.038461538463,4.602153846153847,6.385488461538462,8.0,11.73,10.0,0.2,0.0,0.0,5.752692307692309,115.05384615384617,8,17,4|5,ASSUMED_UNVERIFIED
Z027,0,57.52692307692308,3.5,115.05384615384617,8629.038461538463,4.602153846153847,6.385488461538462,8.0,11.73,10.0,0.2,0.0,0.0,5.752692307692309,115.05384615384617,8,17,4|5,ASSUMED_UNVERIFIED
Z028,0,57.52692307692308,3.5,115.05384615384617,8629.038461538463,4.602153846153847,6.385488461538462,8.0,11.73,10.0,0.2,0.0,0.0,5.752692307692309,115.05384615384617,8,17,4|5,ASSUMED_UNVERIFIED
Z029,0,57.52692307692308,3.5,115.05384615384617,8629.038461538463,4.602153846153847,6.385488461538462,8.0,11.73,10.0,0.2,0.0,0.0,5.752692307692309,115.05384615384617,8,17,4|5,ASSUMED_UNVERIFIED
Z030,0,57.52692307692308,3.5,115.05384615384617,8629.038461538463,4.602153846153847,6.385488461538462,8.0,11.73,10.0,0.2,0.0,0.0,5.752692307692309,115.05384615384617,8,17,4|5,ASSUMED_UNVERIFIED
Z031,0,57.52692307692308,3.5,115.05384615384617,8629.038461538463,4.602153846153847,6.385488461538462,8.0,11.73,10.0,0.2,0.0,0.0,5.752692307692309,115.05384615384617,8,17,4|5,ASSUMED_UNVERIFIED
Z032,0,57.52692307692308,3.5,115.05384615384617,8629.038461538463,4.602153846153847,6.385488461538462,8.0,11.73,10.0,0.2,0.0,0.0,5.752692307692309,115.05384615384617,8,17,4|5,ASSUMED_UNVERIFIED
Z033,0,57.52692307692308,3.5,115.05384615384617,8629.038461538463,4.602153846153847,6.385488461538462,8.0,11.73,10.0,0.2,0.0,0.0,5.752692307692309,115.05384615384617,8,17,4|5,ASSUMED_UNVERIFIED
Z034,0,57.52692307692308,3.5,115.05384615384617,8629.038461538463,4.602153846153847,6.385488461538462,8.0,11.73,10.0,0.2,0.0,0.0,5.752692307692309,115.05384615384617,8,17,4|5,ASSUMED_UNVERIFIED
Z035,0,57.52692307692308,3.5,115.05384615384617,8629.038461538463,4.602153846153847,6.385488461538462,8.0,11.73,10.0,0.2,0.0,0.0,5.752692307692309,115.05384615384617,8,17,4|5,ASSUMED_UNVERIFIED
Z036,0,57.52692307692308,3.5,115.05384615384617,8629.038461538463,4.602153846153847,6.385488461538462,8.0,11.73,10.0,0.2,0.0,0.0,5.752692307692309,115.05384615384617,8,17,4|5,ASSUMED_UNVERIFIED
Z037,0,57.52692307692308,3.5,115.05384615384617,8629.038461538463,4.602153846153847,6.385488461538462,8.0,11.73,10.0,0.2,0.0,0.0,5.752692307692309,115.05384615384617,8,17,4|5,ASSUMED_UNVERIFIED
Z038,0,57.52692307692308,3.5,115.05384615384617,8629.038461538463,4.602153846153847,6.385488461538462,8.0,11.73,10.0,0.2,0.0,0.0,5.752692307692309,115.05384615384617,8,17,4|5,ASSUMED_UNVERIFIED
Z039,0,57.52692307692308,3.5,115.05384615384617,8629.038461538463,4.602153846153847,6.385488461538462,8.0,11.73,10.0,0.2,0.0,0.0,5.752692307692309,115.05384615384617,8,17,4|5,ASSUMED_UNVERIFIED
Z040,0,57.52692307692308,3.5,115.05384615384617,8629.038461538463,4.602153846153847,6.385488461538462,8.0,11.73,10.0,0.2,0.0,0.0,5.752692307692309,115.05384615384617,8,17,4|5,ASSUMED_UNVERIFIED
Z041,0,57.52692307692308,3.5,115.05384615384617,8629.038461538463,4.602153846153847,6.385488461538462,8.0,11.73,10.0,0.2,0.0,0.0,5.752692307692309,115.05384615384617,8,17,4|5,ASSUMED_UNVERIFIED
Z042,0,57.52692307692308,3.5,115.05384615384617,8629.038461538463,4.602153846153847,6.385488461538462,8.0,11.73,10.0,0.2,0.0,0.0,5.752692307692309,115.05384615384617,8,17,4|5,ASSUMED_UNVERIFIED
Z043,0,57.52692307692308,3.5,115.05384615384617,8629.038461538463,4.602153846153847,6.385488461538462,8.0,11.73,10.0,0.2,0.0,0.0,5.752692307692309,115.05384615384617,8,17,4|5,ASSUMED_UNVERIFIED
Z044,0,57.52692307692308,3.5,115.05384615384617,8629.038461538463,4.602153846153847,6.385488461538462,8.0,11.73,10.0,0.2,0.0,0.0,5.752692307692309,115.05384615384617,8,17,4|5,ASSUMED_UNVERIFIED
Z045,0,57.52692307692308,3.5,115.05384615384617,8629.038461538463,4.602153846153847,6.385488461538462,8.0,11.73,10.0,0.2,0.0,0.0,5.752692307692309,115.05384615384617,8,17,4|5,ASSUMED_UNVERIFIED
Z046,0,57.52692307692308,3.5,115.05384615384617,8629.038461538463,4.602153846153847,6.385488461538462,8.0,11.73,10.0,0.2,0.0,0.0,5.752692307692309,115.05384615384617,8,17,4|5,ASSUMED_UNVERIFIED
Z047,0,57.52692307692308,3.5,115.05384615384617,8629.038461538463,4.602153846153847,6.385488461538462,8.0,11.73,10.0,0.2,0.0,0.0,5.752692307692309,115.05384615384617,8,17,4|5,ASSUMED_UNVERIFIED
Z048,0,57.52692307692308,3.5,115.05384615384617,8629.038461538463,4.602153846153847,6.385488461538462,8.0,11.73,10.0,0.2,0.0,0.0,5.752692307692309,115.05384615384617,8,17,4|5,ASSUMED_UNVERIFIED
Z049,0,57.52692307692308,3.5,115.05384615384617,8629.038461538463,4.602153846153847,6.385488461538462,8.0,11.73,10.0,0.2,0.0,0.0,5.752692307692309,115.05384615384617,8,17,4|5,ASSUMED_UNVERIFIED
Z050,0,57.52692307692308,3.5,115.05384615384617,8629.038461538463,4.602153846153847,6.385488461538462,8.0,11.73,10.0,0.2,0.0,0.0,5.752692307692309,115.05384615384617,8,17,4|5,ASSUMED_UNVERIFIED
Z051,0,57.52692307692308,3.5,115.05384615384617,8629.038461538463,4.602153846153847,6.385488461538462,8.0,11.73,10.0,0.2,0.0,0.0,5.752692307692309,115.05384615384617,8,17,4|5,ASSUMED_UNVERIFIED
Z052,0,57.52692307692308,3.5,115.05384615384617,8629.038461538463,4.602153846153847,6.385488461538462,8.0,11.73,10.0,0.2,0.0,0.0,5.752692307692309,115.05384615384617,8,17,4|5,ASSUMED_UNVERIFIED
Z053,0,57.52692307692308,3.5,115.05384615384617,8629.038461538463,4.602153846153847,6.385488461538462,8.0,11.73,10.0,0.2,0.0,0.0,5.752692307692309,115.05384615384617,8,17,4|5,ASSUMED_UNVERIFIED
Z054,0,57.52692307692308,3.5,115.05384615384617,8629.038461538463,4.602153846153847,6.385488461538462,8.0,11.73,10.0,0.2,0.0,0.0,5.752692307692309,115.05384615384617,8,17,4|5,ASSUMED_UNVERIFIED
Z055,0,57.52692307692308,3.5,115.05384615384617,8629.038461538463,4.602153846153847,6.385488461538462,8.0,11.73,10.0,0.2,0.0,0.0,5.752692307692309,115.05384615384617,8,17,4|5,ASSUMED_UNVERIFIED
Z056,0,57.52692307692308,3.5,115.05384615384617,8629.038461538463,4.602153846153847,6.385488461538462,8.0,11.73,10.0,0.2,0.0,0.0,5.752692307692309,115.05384615384617,8,17,4|5,ASSUMED_UNVERIFIED
Z057,0,57.52692307692308,3.5,115.05384615384617,8629.038461538463,4.602153846153847,6.385488461538462,8.0,11.73,10.0,0.2,0.0,0.0,5.752692307692309,115.05384615384617,8,17,4|5,ASSUMED_UNVERIFIED
Z058,0,57.52692307692308,3.5,115.05384615384617,8629.038461538463,4.602153846153847,6.385488461538462,8.0,11.73,10.0,0.2,0.0,0.0,5.752692307692309,115.05384615384617,8,17,4|5,ASSUMED_UNVERIFIED
Z059,0,57.52692307692308,3.5,115.05384615384617,8629.038461538463,4.602153846153847,6.385488461538462,8.0,11.73,10.0,0.2,0.0,0.0,5.752692307692309,115.05384615384617,8,17,4|5,ASSUMED_UNVERIFIED
Z060,0,57.52692307692308,3.5,115.05384615384617,8629.038461538463,4.602153846153847,6.385488461538462,8.0,11.73,10.0,0.2,0.0,0.0,5.752692307692309,115.05384615384617,8,17,4|5,ASSUMED_UNVERIFIED
Z061,0,57.52692307692308,3.5,115.05384615384617,8629.038461538463,4.602153846153847,6.385488461538462,8.0,11.73,10.0,0.2,0.0,0.0,5.752692307692309,115.05384615384617,8,17,4|5,ASSUMED_UNVERIFIED
Z062,0,57.52692307692308,3.5,115.05384615384617,8629.038461538463,4.602153846153847,6.385488461538462,8.0,11.73,10.0,0.2,0.0,0.0,5.752692307692309,115.05384615384617,8,17,4|5,ASSUMED_UNVERIFIED
Z063,0,57.52692307692308,3.5,115.05384615384617,8629.038461538463,4.602153846153847,6.385488461538462,8.0,11.73,10.0,0.2,0.0,0.0,5.752692307692309,115.05384615384617,8,17,4|5,ASSUMED_UNVERIFIED
Z064,0,57.52692307692308,3.5,115.05384615384617,8629.038461538463,4.602153846153847,6.385488461538462,8.0,11.73,10.0,0.2,0.0,0.0,5.752692307692309,115.05384615384617,8,17,4|5,ASSUMED_UNVERIFIED
Z065,0,57.52692307692308,3.5,115.05384615384617,8629.038461538463,4.602153846153847,6.385488461538462,8.0,11.73,10.0,0.2,0.0,0.0,5.752692307692309,115.05384615384617,8,17,4|5,ASSUMED_UNVERIFIED
Z066,0,57.52692307692308,3.5,115.05384615384617,8629.038461538463,4.602153846153847,6.385488461538462,8.0,11.73,10.0,0.2,0.0,0.0,5.752692307692309,115.05384615384617,8,17,4|5,ASSUMED_UNVERIFIED
Z067,0,57.52692307692308,3.5,115.05384615384617,8629.038461538463,4.602153846153847,6.385488461538462,8.0,11.73,10.0,0.2,0.0,0.0,5.752692307692309,115.05384615384617,8,17,4|5,ASSUMED_UNVERIFIED
Z068,0,57.52692307692308,3.5,115.05384615384617,8629.038461538463,4.602153846153847,6.385488461538462,8.0,11.73,10.0,0.2,0.0,0.0,5.752692307692309,115.05384615384617,8,17,4|5,ASSUMED_UNVERIFIED
Z069,0,57.52692307692308,3.5,115.05384615384617,8629.038461538463,4.602153846153847,6.385488461538462,8.0,11.73,10.0,0.2,0.0,0.0,5.752692307692309,115.05384615384617,8,17,4|5,ASSUMED_UNVERIFIED
Z070,0,57.52692307692308,3.5,115.05384615384617,8629.038461538463,4.602153846153847,6.385488461538462,8.0,11.73,10.0,0.2,0.0,0.0,5.752692307692309,115.05384615384617,8,17,4|5,ASSUMED_UNVERIFIED
Z071,0,57.52692307692308,3.5,115.05384615384617,8629.038461538463,4.602153846153847,6.385488461538462,8.0,11.73,10.0,0.2,0.0,0.0,5.752692307692309,115.05384615384617,8,17,4|5,ASSUMED_UNVERIFIED
Z072,0,57.52692307692308,3.5,115.05384615384617,8629.038461538463,4.602153846153847,6.385488461538462,8.0,11.73,10.0,0.2,0.0,0.0,5.752692307692309,115.05384615384617,8,17,4|5,ASSUMED_UNVERIFIED
Z073,0,57.52692307692308,3.5,115.05384615384617,8629.038461538463,4.602153846153847,6.385488461538462,8.0,11.73,10.0,0.2,0.0,0.0,5.752692307692309,115.05384615384617,8,17,4|5,ASSUMED_UNVERIFIED
Z074,0,57.52692307692308,3.5,115.05384615384617,8629.038461538463,4.602153846153847,6.385488461538462,8.0,11.73,10.0,0.2,0.0,0.0,5.752692307692309,115.05384615384617,8,17,4|5,ASSUMED_UNVERIFIED
Z075,0,57.52692307692308,3.5,115.05384615384617,8629.038461538463,4.602153846153847,6.385488461538462,8.0,11.73,10.0,0.2,0.0,0.0,5.752692307692309,115.05384615384617,8,17,4|5,ASSUMED_UNVERIFIED
Z076,0,57.52692307692308,3.5,115.05384615384617,8629.038461538463,4.602153846153847,6.385488461538462,8.0,11.73,10.0,0.2,0.0,0.0,5.752692307692309,115.05384615384617,8,17,4|5,ASSUMED_UNVERIFIED
Z077,0,57.52692307692308,3.5,115.05384615384617,8629.038461538463,4.602153846153847,6.385488461538462,8.0,11.73,10.0,0.2,0.0,0.0,5.752692307692309,115.05384615384617,8,17,4|5,ASSUMED_UNVERIFIED
Z078,0,57.52692307692308,3.5,115.05384615384617,8629.038461538463,4.602153846153847,6.385488461538462,8.0,11.73,10.0,0.2,0.0,0.0,5.752692307692309,115.05384615384617,8,17,4|5,ASSUMED_UNVERIFIED
Z079,1,57.52692307692308,3.5,115.05384615384617,8629.038461538463,4.602153846153847,6.385488461538462,8.0,11.73,10.0,0.2,0.0,0.0,5.752692307692309,115.05384615384617,8,17,4|5,ASSUMED_UNVERIFIED
Z080,1,57.52692307692308,3.5,115.05384615384617,8629.038461538463,4.602153846153847,6.385488461538462,8.0,11.73,10.0,0.2,0.0,0.0,5.752692307692309,115.05384615384617,8,17,4|5,ASSUMED_UNVERIFIED
Z081,1,57.52692307692308,3.5,115.05384615384617,8629.038461538463,4.602153846153847,6.385488461538462,8.0,11.73,10.0,0.2,0.0,0.0,5.752692307692309,115.05384615384617,8,17,4|5,ASSUMED_UNVERIFIED
Z082,1,57.52692307692308,3.5,115.05384615384617,8629.038461538463,4.602153846153847,6.385488461538462,8.0,11.73,10.0,0.2,0.0,0.0,5.752692307692309,115.05384615384617,8,17,4|5,ASSUMED_UNVERIFIED
Z083,1,57.52692307692308,3.5,115.05384615384617,8629.038461538463,4.602153846153847,6.385488461538462,8.0,11.73,10.0,0.2,0.0,0.0,5.752692307692309,115.05384615384617,8,17,4|5,ASSUMED_UNVERIFIED
Z084,1,57.52692307692308,3.5,115.05384615384617,8629.038461538463,4.602153846153847,6.385488461538462,8.0,11.73,10.0,0.2,0.0,0.0,5.752692307692309,115.05384615384617,8,17,4|5,ASSUMED_UNVERIFIED
Z085,1,57.52692307692308,3.5,115.05384615384617,8629.038461538463,4.602153846153847,6.385488461538462,8.0,11.73,10.0,0.2,0.0,0.0,5.752692307692309,115.05384615384617,8,17,4|5,ASSUMED_UNVERIFIED
Z086,1,57.52692307692308,3.5,115.05384615384617,8629.038461538463,4.602153846153847,6.385488461538462,8.0,11.73,10.0,0.2,0.0,0.0,5.752692307692309,115.05384615384617,8,17,4|5,ASSUMED_UNVERIFIED
Z087,1,57.52692307692308,3.5,115.05384615384617,8629.038461538463,4.602153846153847,6.385488461538462,8.0,11.73,10.0,0.2,0.0,0.0,5.752692307692309,115.05384615384617,8,17,4|5,ASSUMED_UNVERIFIED
Z088,1,57.52692307692308,3.5,115.05384615384617,8629.038461538463,4.602153846153847,6.385488461538462,8.0,11.73,10.0,0.2,0.0,0.0,5.752692307692309,115.05384615384617,8,17,4|5,ASSUMED_UNVERIFIED
Z089,1,57.52692307692308,3.5,115.05384615384617,8629.038461538463,4.602153846153847,6.385488461538462,8.0,11.73,10.0,0.2,0.0,0.0,5.752692307692309,115.05384615384617,8,17,4|5,ASSUMED_UNVERIFIED
Z090,1,57.52692307692308,3.5,115.05384615384617,8629.038461538463,4.602153846153847,6.385488461538462,8.0,11.73,10.0,0.2,0.0,0.0,5.752692307692309,115.05384615384617,8,17,4|5,ASSUMED_UNVERIFIED
Z091,1,57.52692307692308,3.5,115.05384615384617,8629.038461538463,4.602153846153847,6.385488461538462,8.0,11.73,10.0,0.2,0.0,0.0,5.752692307692309,115.05384615384617,8,17,4|5,ASSUMED_UNVERIFIED
Z092,1,57.52692307692308,3.5,115.05384615384617,8629.038461538463,4.602153846153847,6.385488461538462,8.0,11.73,10.0,0.2,0.0,0.0,5.752692307692309,115.05384615384617,8,17,4|5,ASSUMED_UNVERIFIED
Z093,1,57.52692307692308,3.5,115.05384615384617,8629.038461538463,4.602153846153847,6.385488461538462,8.0,11.73,10.0,0.2,0.0,0.0,5.752692307692309,115.05384615384617,8,17,4|5,ASSUMED_UNVERIFIED
Z094,1,57.52692307692308,3.5,115.05384615384617,8629.038461538463,4.602153846153847,6.385488461538462,8.0,11.73,10.0,0.2,0.0,0.0,5.752692307692309,115.05384615384617,8,17,4|5,ASSUMED_UNVERIFIED
Z095,1,57.52692307692308,3.5,115.05384615384617,8629.038461538463,4.602153846153847,6.385488461538462,8.0,11.73,10.0,0.2,0.0,0.0,5.752692307692309,115.05384615384617,8,17,4|5,ASSUMED_UNVERIFIED
Z096,1,57.52692307692308,3.5,115.05384615384617,8629.038461538463,4.602153846153847,6.385488461538462,8.0,11.73,10.0,0.2,0.0,0.0,5.752692307692309,115.05384615384617,8,17,4|5,ASSUMED_UNVERIFIED
Z097,1,57.52692307692308,3.5,115.05384615384617,8629.038461538463,4.602153846153847,6.385488461538462,8.0,11.73,10.0,0.2,0.0,0.0,5.752692307692309,115.05384615384617,8,17,4|5,ASSUMED_UNVERIFIED
Z098,1,57.52692307692308,3.5,115.05384615384617,8629.038461538463,4.602153846153847,6.385488461538462,8.0,11.73,10.0,0.2,0.0,0.0,5.752692307692309,115.05384615384617,8,17,4|5,ASSUMED_UNVERIFIED
Z099,1,57.52692307692308,3.5,115.05384615384617,8629.038461538463,4.602153846153847,6.385488461538462,8.0,11.73,10.0,0.2,0.0,0.0,5.752692307692309,115.05384615384617,8,17,4|5,ASSUMED_UNVERIFIED
Z100,1,57.52692307692308,3.5,115.05384615384617,8629.038461538463,4.602153846153847,6.385488461538462,8.0,11.73,10.0,0.2,0.0,0.0,5.752692307692309,115.05384615384617,8,17,4|5,ASSUMED_UNVERIFIED
Z101,1,57.52692307692308,3.5,115.05384615384617,8629.038461538463,4.602153846153847,6.385488461538462,8.0,11.73,10.0,0.2,0.0,0.0,5.752692307692309,115.05384615384617,8,17,4|5,ASSUMED_UNVERIFIED
Z102,1,57.52692307692308,3.5,115.05384615384617,8629.038461538463,4.602153846153847,6.385488461538462,8.0,11.73,10.0,0.2,0.0,0.0,5.752692307692309,115.05384615384617,8,17,4|5,ASSUMED_UNVERIFIED
Z103,1,57.52692307692308,3.5,115.05384615384617,8629.038461538463,4.602153846153847,6.385488461538462,8.0,11.73,10.0,0.2,0.0,0.0,5.752692307692309,115.05384615384617,8,17,4|5,ASSUMED_UNVERIFIED
Z104,1,57.52692307692308,3.5,115.05384615384617,8629.038461538463,4.602153846153847,6.385488461538462,8.0,11.73,10.0,0.2,0.0,0.0,5.752692307692309,115.05384615384617,8,17,4|5,ASSUMED_UNVERIFIED
Z105,1,57.52692307692308,3.5,115.05384615384617,8629.038461538463,4.602153846153847,6.385488461538462,8.0,11.73,10.0,0.2,0.0,0.0,5.752692307692309,115.05384615384617,8,17,4|5,ASSUMED_UNVERIFIED
Z106,1,57.52692307692308,3.5,115.05384615384617,8629.038461538463,4.602153846153847,6.385488461538462,8.0,11.73,10.0,0.2,0.0,0.0,5.752692307692309,115.05384615384617,8,17,4|5,ASSUMED_UNVERIFIED
Z107,1,57.52692307692308,3.5,115.05384615384617,8629.038461538463,4.602153846153847,6.385488461538462,8.0,11.73,10.0,0.2,0.0,0.0,5.752692307692309,115.05384615384617,8,17,4|5,ASSUMED_UNVERIFIED
Z108,1,57.52692307692308,3.5,115.05384615384617,8629.038461538463,4.602153846153847,6.385488461538462,8.0,11.73,10.0,0.2,0.0,0.0,5.752692307692309,115.05384615384617,8,17,4|5,ASSUMED_UNVERIFIED
Z109,1,57.52692307692308,3.5,115.05384615384617,8629.038461538463,4.602153846153847,6.385488461538462,8.0,11.73,10.0,0.2,0.0,0.0,5.752692307692309,115.05384615384617,8,17,4|5,ASSUMED_UNVERIFIED
Z110,1,57.52692307692308,3.5,115.05384615384617,8629.038461538463,4.602153846153847,6.385488461538462,8.0,11.73,10.0,0.2,0.0,0.0,5.752692307692309,115.05384615384617,8,17,4|5,ASSUMED_UNVERIFIED
Z111,1,57.52692307692308,3.5,115.05384615384617,8629.038461538463,4.602153846153847,6.385488461538462,8.0,11.73,10.0,0.2,0.0,0.0,5.752692307692309,115.05384615384617,8,17,4|5,ASSUMED_UNVERIFIED
Z112,1,57.52692307692308,3.5,115.05384615384617,8629.038461538463,4.602153846153847,6.385488461538462,8.0,11.73,10.0,0.2,0.0,0.0,5.752692307692309,115.05384615384617,8,17,4|5,ASSUMED_UNVERIFIED
Z113,1,57.52692307692308,3.5,115.05384615384617,8629.038461538463,4.602153846153847,6.385488461538462,8.0,11.73,10.0,0.2,0.0,0.0,5.752692307692309,115.05384615384617,8,17,4|5,ASSUMED_UNVERIFIED
Z114,1,57.52692307692308,3.5,115.05384615384617,8629.038461538463,4.602153846153847,6.385488461538462,8.0,11.73,10.0,0.2,0.0,0.0,5.752692307692309,115.05384615384617,8,17,4|5,ASSUMED_UNVERIFIED
Z115,1,57.52692307692308,3.5,115.05384615384617,8629.038461538463,4.602153846153847,6.385488461538462,8.0,11.73,10.0,0.2,0.0,0.0,5.752692307692309,115.05384615384617,8,17,4|5,ASSUMED_UNVERIFIED
Z116,1,57.52692307692308,3.5,115.05384615384617,8629.038461538463,4.602153846153847,6.385488461538462,8.0,11.73,10.0,0.2,0.0,0.0,5.752692307692309,115.05384615384617,8,17,4|5,ASSUMED_UNVERIFIED
Z117,1,57.52692307692308,3.5,115.05384615384617,8629.038461538463,4.602153846153847,6.385488461538462,8.0,11.73,10.0,0.2,0.0,0.0,5.752692307692309,115.05384615384617,8,17,4|5,ASSUMED_UNVERIFIED
Z118,1,57.52692307692308,3.5,115.05384615384617,8629.038461538463,4.602153846153847,6.385488461538462,8.0,11.73,10.0,0.2,0.0,0.0,5.752692307692309,115.05384615384617,8,17,4|5,ASSUMED_UNVERIFIED
Z119,1,57.52692307692308,3.5,115.05384615384617,8629.038461538463,4.602153846153847,6.385488461538462,8.0,11.73,10.0,0.2,0.0,0.0,5.752692307692309,115.05384615384617,8,17,4|5,ASSUMED_UNVERIFIED
Z120,1,57.52692307692308,3.5,115.05384615384617,8629.038461538463,4.602153846153847,6.385488461538462,8.0,11.73,10.0,0.2,0.0,0.0,5.752692307692309,115.05384615384617,8,17,4|5,ASSUMED_UNVERIFIED
Z121,1,57.52692307692308,3.5,115.05384615384617,8629.038461538463,4.602153846153847,6.385488461538462,8.0,11.73,10.0,0.2,0.0,0.0,5.752692307692309,115.05384615384617,8,17,4|5,ASSUMED_UNVERIFIED
Z122,1,57.52692307692308,3.5,115.05384615384617,8629.038461538463,4.602153846153847,6.385488461538462,8.0,11.73,10.0,0.2,0.0,0.0,5.752692307692309,115.05384615384617,8,17,4|5,ASSUMED_UNVERIFIED
Z123,1,57.52692307692308,3.5,115.05384615384617,8629.038461538463,4.602153846153847,6.385488461538462,8.0,11.73,10.0,0.2,0.0,0.0,5.752692307692309,115.05384615384617,8,17,4|5,ASSUMED_UNVERIFIED
Z124,1,57.52692307692308,3.5,115.05384615384617,8629.038461538463,4.602153846153847,6.385488461538462,8.0,11.73,10.0,0.2,0.0,0.0,5.752692307692309,115.05384615384617,8,17,4|5,ASSUMED_UNVERIFIED
Z125,1,57.52692307692308,3.5,115.05384615384617,8629.038461538463,4.602153846153847,6.385488461538462,8.0,11.73,10.0,0.2,0.0,0.0,5.752692307692309,115.05384615384617,8,17,4|5,ASSUMED_UNVERIFIED
Z126,1,57.52692307692308,3.5,115.05384615384617,8629.038461538463,4.602153846153847,6.385488461538462,8.0,11.73,10.0,0.2,0.0,0.0,5.752692307692309,115.05384615384617,8,17,4|5,ASSUMED_UNVERIFIED
Z127,1,57.52692307692308,3.5,115.05384615384617,8629.038461538463,4.602153846153847,6.385488461538462,8.0,11.73,10.0,0.2,0.0,0.0,5.752692307692309,115.05384615384617,8,17,4|5,ASSUMED_UNVERIFIED
Z128,1,57.52692307692308,3.5,115.05384615384617,8629.038461538463,4.602153846153847,6.385488461538462,8.0,11.73,10.0,0.2,0.0,0.0,5.752692307692309,115.05384615384617,8,17,4|5,ASSUMED_UNVERIFIED
Z129,1,57.52692307692308,3.5,115.05384615384617,8629.038461538463,4.602153846153847,6.385488461538462,8.0,11.73,10.0,0.2,0.0,0.0,5.752692307692309,115.05384615384617,8,17,4|5,ASSUMED_UNVERIFIED
Z130,1,57.52692307692308,3.5,115.05384615384617,8629.038461538463,4.602153846153847,6.385488461538462,8.0,11.73,10.0,0.2,0.0,0.0,5.752692307692309,115.05384615384617,8,17,4|5,ASSUMED_UNVERIFIED
Z131,1,57.52692307692308,3.5,115.05384615384617,8629.038461538463,4.602153846153847,6.385488461538462,8.0,11.73,10.0,0.2,0.0,0.0,5.752692307692309,115.05384615384617,8,17,4|5,ASSUMED_UNVERIFIED
Z132,1,57.52692307692308,3.5,115.05384615384617,8629.038461538463,4.602153846153847,6.385488461538462,8.0,11.73,10.0,0.2,0.0,0.0,5.752692307692309,115.05384615384617,8,17,4|5,ASSUMED_UNVERIFIED
Z133,1,57.52692307692308,3.5,115.05384615384617,8629.038461538463,4.602153846153847,6.385488461538462,8.0,11.73,10.0,0.2,0.0,0.0,5.752692307692309,115.05384615384617,8,17,4|5,ASSUMED_UNVERIFIED
Z134,1,57.52692307692308,3.5,115.05384615384617,8629.038461538463,4.602153846153847,6.385488461538462,8.0,11.73,10.0,0.2,0.0,0.0,5.752692307692309,115.05384615384617,8,17,4|5,ASSUMED_UNVERIFIED
Z135,1,57.52692307692308,3.5,115.05384615384617,8629.038461538463,4.602153846153847,6.385488461538462,8.0,11.73,10.0,0.2,0.0,0.0,5.752692307692309,115.05384615384617,8,17,4|5,ASSUMED_UNVERIFIED
Z136,1,57.52692307692308,3.5,115.05384615384617,8629.038461538463,4.602153846153847,6.385488461538462,8.0,11.73,10.0,0.2,0.0,0.0,5.752692307692309,115.05384615384617,8,17,4|5,ASSUMED_UNVERIFIED
Z137,1,57.52692307692308,3.5,115.05384615384617,8629.038461538463,4.602153846153847,6.385488461538462,8.0,11.73,10.0,0.2,0.0,0.0,5.752692307692309,115.05384615384617,8,17,4|5,ASSUMED_UNVERIFIED
Z138,1,57.52692307692308,3.5,115.05384615384617,8629.038461538463,4.602153846153847,6.385488461538462,8.0,11.73,10.0,0.2,0.0,0.0,5.752692307692309,115.05384615384617,8,17,4|5,ASSUMED_UNVERIFIED
Z139,1,57.52692307692308,3.5,115.05384615384617,8629.038461538463,4.602153846153847,6.385488461538462,8.0,11.73,10.0,0.2,0.0,0.0,5.752692307692309,115.05384615384617,8,17,4|5,ASSUMED_UNVERIFIED
Z140,1,57.52692307692308,3.5,115.05384615384617,8629.038461538463,4.602153846153847,6.385488461538462,8.0,11.73,10.0,0.2,0.0,0.0,5.752692307692309,115.05384615384617,8,17,4|5,ASSUMED_UNVERIFIED
Z141,1,57.52692307692308,3.5,115.05384615384617,8629.038461538463,4.602153846153847,6.385488461538462,8.0,11.73,10.0,0.2,0.0,0.0,5.752692307692309,115.05384615384617,8,17,4|5,ASSUMED_UNVERIFIED
Z142,1,57.52692307692308,3.5,115.05384615384617,8629.038461538463,4.602153846153847,6.385488461538462,8.0,11.73,10.0,0.2,0.0,0.0,5.752692307692309,115.05384615384617,8,17,4|5,ASSUMED_UNVERIFIED
Z143,1,57.52692307692308,3.5,115.05384615384617,8629.038461538463,4.602153846153847,6.385488461538462,8.0,11.73,10.0,0.2,0.0,0.0,5.752692307692309,115.05384615384617,8,17,4|5,ASSUMED_UNVERIFIED
Z144,1,57.52692307692308,3.5,115.05384615384617,8629.038461538463,4.602153846153847,6.385488461538462,8.0,11.73,10.0,0.2,0.0,0.0,5.752692307692309,115.05384615384617,8,17,4|5,ASSUMED_UNVERIFIED
Z145,1,57.52692307692308,3.5,115.05384615384617,8629.038461538463,4.602153846153847,6.385488461538462,8.0,11.73,10.0,0.2,0.0,0.0,5.752692307692309,115.05384615384617,8,17,4|5,ASSUMED_UNVERIFIED
Z146,1,57.52692307692308,3.5,115.05384615384617,8629.038461538463,4.602153846153847,6.385488461538462,8.0,11.73,10.0,0.2,0.0,0.0,5.752692307692309,115.05384615384617,8,17,4|5,ASSUMED_UNVERIFIED
Z147,1,57.52692307692308,3.5,115.05384615384617,8629.038461538463,4.602153846153847,6.385488461538462,8.0,11.73,10.0,0.2,0.0,0.0,5.752692307692309,115.05384615384617,8,17,4|5,ASSUMED_UNVERIFIED
Z148,1,57.52692307692308,3.5,115.05384615384617,8629.038461538463,4.602153846153847,6.385488461538462,8.0,11.73,10.0,0.2,0.0,0.0,5.752692307692309,115.05384615384617,8,17,4|5,ASSUMED_UNVERIFIED
Z149,1,57.52692307692308,3.5,115.05384615384617,8629.038461538463,4.602153846153847,6.385488461538462,8.0,11.73,10.0,0.2,0.0,0.0,5.752692307692309,115.05384615384617,8,17,4|5,ASSUMED_UNVERIFIED
Z150,1,57.52692307692308,3.5,115.05384615384617,8629.038461538463,4.602153846153847,6.385488461538462,8.0,11.73,10.0,0.2,0.0,0.0,5.752692307692309,115.05384615384617,8,17,4|5,ASSUMED_UNVERIFIED
Z151,1,57.52692307692308,3.5,115.05384615384617,8629.038461538463,4.602153846153847,6.385488461538462,8.0,11.73,10.0,0.2,0.0,0.0,5.752692307692309,115.05384615384617,8,17,4|5,ASSUMED_UNVERIFIED
Z152,1,57.52692307692308,3.5,115.05384615384617,8629.038461538463,4.602153846153847,6.385488461538462,8.0,11.73,10.0,0.2,0.0,0.0,5.752692307692309,115.05384615384617,8,17,4|5,ASSUMED_UNVERIFIED
Z153,1,57.52692307692308,3.5,115.05384615384617,8629.038461538463,4.602153846153847,6.385488461538462,8.0,11.73,10.0,0.2,0.0,0.0,5.752692307692309,115.05384615384617,8,17,4|5,ASSUMED_UNVERIFIED
Z154,1,57.52692307692308,3.5,115.05384615384617,8629.038461538463,4.602153846153847,6.385488461538462,8.0,11.73,10.0,0.2,0.0,0.0,5.752692307692309,115.05384615384617,8,17,4|5,ASSUMED_UNVERIFIED
Z155,1,57.52692307692308,3.5,115.05384615384617,8629.038461538463,4.602153846153847,6.385488461538462,8.0,11.73,10.0,0.2,0.0,0.0,5.752692307692309,115.05384615384617,8,17,4|5,ASSUMED_UNVERIFIED
Z156,1,57.52692307692308,3.5,115.05384615384617,8629.038461538463,4.602153846153847,6.385488461538462,8.0,11.73,10.0,0.2,0.0,0.0,5.752692307692309,115.05384615384617,8,17,4|5,ASSUMED_UNVERIFIED
Z157,2,57.52692307692308,3.5,115.05384615384617,8629.038461538463,4.602153846153847,6.385488461538462,8.0,11.73,10.0,0.2,0.0,0.0,5.752692307692309,115.05384615384617,8,17,4|5,ASSUMED_UNVERIFIED
Z158,2,57.52692307692308,3.5,115.05384615384617,8629.038461538463,4.602153846153847,6.385488461538462,8.0,11.73,10.0,0.2,0.0,0.0,5.752692307692309,115.05384615384617,8,17,4|5,ASSUMED_UNVERIFIED
Z159,2,57.52692307692308,3.5,115.05384615384617,8629.038461538463,4.602153846153847,6.385488461538462,8.0,11.73,10.0,0.2,0.0,0.0,5.752692307692309,115.05384615384617,8,17,4|5,ASSUMED_UNVERIFIED
Z160,2,57.52692307692308,3.5,115.05384615384617,8629.038461538463,4.602153846153847,6.385488461538462,8.0,11.73,10.0,0.2,0.0,0.0,5.752692307692309,115.05384615384617,8,17,4|5,ASSUMED_UNVERIFIED
Z161,2,57.52692307692308,3.5,115.05384615384617,8629.038461538463,4.602153846153847,6.385488461538462,8.0,11.73,10.0,0.2,0.0,0.0,5.752692307692309,115.05384615384617,8,17,4|5,ASSUMED_UNVERIFIED
Z162,2,57.52692307692308,3.5,115.05384615384617,8629.038461538463,4.602153846153847,6.385488461538462,8.0,11.73,10.0,0.2,0.0,0.0,5.752692307692309,115.05384615384617,8,17,4|5,ASSUMED_UNVERIFIED
Z163,2,57.52692307692308,3.5,115.05384615384617,8629.038461538463,4.602153846153847,6.385488461538462,8.0,11.73,10.0,0.2,0.0,0.0,5.752692307692309,115.05384615384617,8,17,4|5,ASSUMED_UNVERIFIED
Z164,2,57.52692307692308,3.5,115.05384615384617,8629.038461538463,4.602153846153847,6.385488461538462,8.0,11.73,10.0,0.2,0.0,0.0,5.752692307692309,115.05384615384617,8,17,4|5,ASSUMED_UNVERIFIED
Z165,2,57.52692307692308,3.5,115.05384615384617,8629.038461538463,4.602153846153847,6.385488461538462,8.0,11.73,10.0,0.2,0.0,0.0,5.752692307692309,115.05384615384617,8,17,4|5,ASSUMED_UNVERIFIED
Z166,2,57.52692307692308,3.5,115.05384615384617,8629.038461538463,4.602153846153847,6.385488461538462,8.0,11.73,10.0,0.2,0.0,0.0,5.752692307692309,115.05384615384617,8,17,4|5,ASSUMED_UNVERIFIED
Z167,2,57.52692307692308,3.5,115.05384615384617,8629.038461538463,4.602153846153847,6.385488461538462,8.0,11.73,10.0,0.2,0.0,0.0,5.752692307692309,115.05384615384617,8,17,4|5,ASSUMED_UNVERIFIED
Z168,2,57.52692307692308,3.5,115.05384615384617,8629.038461538463,4.602153846153847,6.385488461538462,8.0,11.73,10.0,0.2,0.0,0.0,5.752692307692309,115.05384615384617,8,17,4|5,ASSUMED_UNVERIFIED
Z169,2,57.52692307692308,3.5,115.05384615384617,8629.038461538463,4.602153846153847,6.385488461538462,8.0,11.73,10.0,0.2,0.0,0.0,5.752692307692309,115.05384615384617,8,17,4|5,ASSUMED_UNVERIFIED
Z170,2,57.52692307692308,3.5,115.05384615384617,8629.038461538463,4.602153846153847,6.385488461538462,8.0,11.73,10.0,0.2,0.0,0.0,5.752692307692309,115.05384615384617,8,17,4|5,ASSUMED_UNVERIFIED
Z171,2,57.52692307692308,3.5,115.05384615384617,8629.038461538463,4.602153846153847,6.385488461538462,8.0,11.73,10.0,0.2,0.0,0.0,5.752692307692309,115.05384615384617,8,17,4|5,ASSUMED_UNVERIFIED
Z172,2,57.52692307692308,3.5,115.05384615384617,8629.038461538463,4.602153846153847,6.385488461538462,8.0,11.73,10.0,0.2,0.0,0.0,5.752692307692309,115.05384615384617,8,17,4|5,ASSUMED_UNVERIFIED
Z173,2,57.52692307692308,3.5,115.05384615384617,8629.038461538463,4.602153846153847,6.385488461538462,8.0,11.73,10.0,0.2,0.0,0.0,5.752692307692309,115.05384615384617,8,17,4|5,ASSUMED_UNVERIFIED
Z174,2,57.52692307692308,3.5,115.05384615384617,8629.038461538463,4.602153846153847,6.385488461538462,8.0,11.73,10.0,0.2,0.0,0.0,5.752692307692309,115.05384615384617,8,17,4|5,ASSUMED_UNVERIFIED
Z175,2,57.52692307692308,3.5,115.05384615384617,8629.038461538463,4.602153846153847,6.385488461538462,8.0,11.73,10.0,0.2,0.0,0.0,5.752692307692309,115.05384615384617,8,17,4|5,ASSUMED_UNVERIFIED
Z176,2,57.52692307692308,3.5,115.05384615384617,8629.038461538463,4.602153846153847,6.385488461538462,8.0,11.73,10.0,0.2,0.0,0.0,5.752692307692309,115.05384615384617,8,17,4|5,ASSUMED_UNVERIFIED
Z177,2,57.52692307692308,3.5,115.05384615384617,8629.038461538463,4.602153846153847,6.385488461538462,8.0,11.73,10.0,0.2,0.0,0.0,5.752692307692309,115.05384615384617,8,17,4|5,ASSUMED_UNVERIFIED
Z178,2,57.52692307692308,3.5,115.05384615384617,8629.038461538463,4.602153846153847,6.385488461538462,8.0,11.73,10.0,0.2,0.0,0.0,5.752692307692309,115.05384615384617,8,17,4|5,ASSUMED_UNVERIFIED
Z179,2,57.52692307692308,3.5,115.05384615384617,8629.038461538463,4.602153846153847,6.385488461538462,8.0,11.73,10.0,0.2,0.0,0.0,5.752692307692309,115.05384615384617,8,17,4|5,ASSUMED_UNVERIFIED
Z180,2,57.52692307692308,3.5,115.05384615384617,8629.038461538463,4.602153846153847,6.385488461538462,8.0,11.73,10.0,0.2,0.0,0.0,5.752692307692309,115.05384615384617,8,17,4|5,ASSUMED_UNVERIFIED
Z181,2,57.52692307692308,3.5,115.05384615384617,8629.038461538463,4.602153846153847,6.385488461538462,8.0,11.73,10.0,0.2,0.0,0.0,5.752692307692309,115.05384615384617,8,17,4|5,ASSUMED_UNVERIFIED
Z182,2,57.52692307692308,3.5,115.05384615384617,8629.038461538463,4.602153846153847,6.385488461538462,8.0,11.73,10.0,0.2,0.0,0.0,5.752692307692309,115.05384615384617,8,17,4|5,ASSUMED_UNVERIFIED
Z183,2,57.52692307692308,3.5,115.05384615384617,8629.038461538463,4.602153846153847,6.385488461538462,8.0,11.73,10.0,0.2,0.0,0.0,5.752692307692309,115.05384615384617,8,17,4|5,ASSUMED_UNVERIFIED
Z184,2,57.52692307692308,3.5,115.05384615384617,8629.038461538463,4.602153846153847,6.385488461538462,8.0,11.73,10.0,0.2,0.0,0.0,5.752692307692309,115.05384615384617,8,17,4|5,ASSUMED_UNVERIFIED
Z185,2,57.52692307692308,3.5,115.05384615384617,8629.038461538463,4.602153846153847,6.385488461538462,8.0,11.73,10.0,0.2,0.0,0.0,5.752692307692309,115.05384615384617,8,17,4|5,ASSUMED_UNVERIFIED
Z186,2,57.52692307692308,3.5,115.05384615384617,8629.038461538463,4.602153846153847,6.385488461538462,8.0,11.73,10.0,0.2,0.0,0.0,5.752692307692309,115.05384615384617,8,17,4|5,ASSUMED_UNVERIFIED
Z187,2,57.52692307692308,3.5,115.05384615384617,8629.038461538463,4.602153846153847,6.385488461538462,8.0,11.73,10.0,0.2,0.0,0.0,5.752692307692309,115.05384615384617,8,17,4|5,ASSUMED_UNVERIFIED
Z188,2,57.52692307692308,3.5,115.05384615384617,8629.038461538463,4.602153846153847,6.385488461538462,8.0,11.73,10.0,0.2,0.0,0.0,5.752692307692309,115.05384615384617,8,17,4|5,ASSUMED_UNVERIFIED
Z189,2,57.52692307692308,3.5,115.05384615384617,8629.038461538463,4.602153846153847,6.385488461538462,8.0,11.73,10.0,0.2,0.0,0.0,5.752692307692309,115.05384615384617,8,17,4|5,ASSUMED_UNVERIFIED
Z190,2,57.52692307692308,3.5,115.05384615384617,8629.038461538463,4.602153846153847,6.385488461538462,8.0,11.73,10.0,0.2,0.0,0.0,5.752692307692309,115.05384615384617,8,17,4|5,ASSUMED_UNVERIFIED
Z191,2,57.52692307692308,3.5,115.05384615384617,8629.038461538463,4.602153846153847,6.385488461538462,8.0,11.73,10.0,0.2,0.0,0.0,5.752692307692309,115.05384615384617,8,17,4|5,ASSUMED_UNVERIFIED
Z192,2,57.52692307692308,3.5,115.05384615384617,8629.038461538463,4.602153846153847,6.385488461538462,8.0,11.73,10.0,0.2,0.0,0.0,5.752692307692309,115.05384615384617,8,17,4|5,ASSUMED_UNVERIFIED
Z193,2,57.52692307692308,3.5,115.05384615384617,8629.038461538463,4.602153846153847,6.385488461538462,8.0,11.73,10.0,0.2,0.0,0.0,5.752692307692309,115.05384615384617,8,17,4|5,ASSUMED_UNVERIFIED
Z194,2,57.52692307692308,3.5,115.05384615384617,8629.038461538463,4.602153846153847,6.385488461538462,8.0,11.73,10.0,0.2,0.0,0.0,5.752692307692309,115.05384615384617,8,17,4|5,ASSUMED_UNVERIFIED
Z195,2,57.52692307692308,3.5,115.05384615384617,8629.038461538463,4.602153846153847,6.385488461538462,8.0,11.73,10.0,0.2,0.0,0.0,5.752692307692309,115.05384615384617,8,17,4|5,ASSUMED_UNVERIFIED
Z196,2,57.52692307692308,3.5,115.05384615384617,8629.038461538463,4.602153846153847,6.385488461538462,8.0,11.73,10.0,0.2,0.0,0.0,5.752692307692309,115.05384615384617,8,17,4|5,ASSUMED_UNVERIFIED
Z197,2,57.52692307692308,3.5,115.05384615384617,8629.038461538463,4.602153846153847,6.385488461538462,8.0,11.73,10.0,0.2,0.0,0.0,5.752692307692309,115.05384615384617,8,17,4|5,ASSUMED_UNVERIFIED
Z198,2,57.52692307692308,3.5,115.05384615384617,8629.038461538463,4.602153846153847,6.385488461538462,8.0,11.73,10.0,0.2,0.0,0.0,5.752692307692309,115.05384615384617,8,17,4|5,ASSUMED_UNVERIFIED
Z199,2,57.52692307692308,3.5,115.05384615384617,8629.038461538463,4.602153846153847,6.385488461538462,8.0,11.73,10.0,0.2,0.0,0.0,5.752692307692309,115.05384615384617,8,17,4|5,ASSUMED_UNVERIFIED
Z200,2,57.52692307692308,3.5,115.05384615384617,8629.038461538463,4.602153846153847,6.385488461538462,8.0,11.73,10.0,0.2,0.0,0.0,5.752692307692309,115.05384615384617,8,17,4|5,ASSUMED_UNVERIFIED
Z201,2,57.52692307692308,3.5,115.05384615384617,8629.038461538463,4.602153846153847,6.385488461538462,8.0,11.73,10.0,0.2,0.0,0.0,5.752692307692309,115.05384615384617,8,17,4|5,ASSUMED_UNVERIFIED
Z202,2,57.52692307692308,3.5,115.05384615384617,8629.038461538463,4.602153846153847,6.385488461538462,8.0,11.73,10.0,0.2,0.0,0.0,5.752692307692309,115.05384615384617,8,17,4|5,ASSUMED_UNVERIFIED
Z203,2,57.52692307692308,3.5,115.05384615384617,8629.038461538463,4.602153846153847,6.385488461538462,8.0,11.73,10.0,0.2,0.0,0.0,5.752692307692309,115.05384615384617,8,17,4|5,ASSUMED_UNVERIFIED
Z204,2,57.52692307692308,3.5,115.05384615384617,8629.038461538463,4.602153846153847,6.385488461538462,8.0,11.73,10.0,0.2,0.0,0.0,5.752692307692309,115.05384615384617,8,17,4|5,ASSUMED_UNVERIFIED
Z205,2,57.52692307692308,3.5,115.05384615384617,8629.038461538463,4.602153846153847,6.385488461538462,8.0,11.73,10.0,0.2,0.0,0.0,5.752692307692309,115.05384615384617,8,17,4|5,ASSUMED_UNVERIFIED
Z206,2,57.52692307692308,3.5,115.05384615384617,8629.038461538463,4.602153846153847,6.385488461538462,8.0,11.73,10.0,0.2,0.0,0.0,5.752692307692309,115.05384615384617,8,17,4|5,ASSUMED_UNVERIFIED
Z207,2,57.52692307692308,3.5,115.05384615384617,8629.038461538463,4.602153846153847,6.385488461538462,8.0,11.73,10.0,0.2,0.0,0.0,5.752692307692309,115.05384615384617,8,17,4|5,ASSUMED_UNVERIFIED
Z208,2,57.52692307692308,3.5,115.05384615384617,8629.038461538463,4.602153846153847,6.385488461538462,8.0,11.73,10.0,0.2,0.0,0.0,5.752692307692309,115.05384615384617,8,17,4|5,ASSUMED_UNVERIFIED
Z209,2,57.52692307692308,3.5,115.05384615384617,8629.038461538463,4.602153846153847,6.385488461538462,8.0,11.73,10.0,0.2,0.0,0.0,5.752692307692309,115.05384615384617,8,17,4|5,ASSUMED_UNVERIFIED
Z210,2,57.52692307692308,3.5,115.05384615384617,8629.038461538463,4.602153846153847,6.385488461538462,8.0,11.73,10.0,0.2,0.0,0.0,5.752692307692309,115.05384615384617,8,17,4|5,ASSUMED_UNVERIFIED
Z211,2,57.52692307692308,3.5,115.05384615384617,8629.038461538463,4.602153846153847,6.385488461538462,8.0,11.73,10.0,0.2,0.0,0.0,5.752692307692309,115.05384615384617,8,17,4|5,ASSUMED_UNVERIFIED
Z212,2,57.52692307692308,3.5,115.05384615384617,8629.038461538463,4.602153846153847,6.385488461538462,8.0,11.73,10.0,0.2,0.0,0.0,5.752692307692309,115.05384615384617,8,17,4|5,ASSUMED_UNVERIFIED
Z213,2,57.52692307692308,3.5,115.05384615384617,8629.038461538463,4.602153846153847,6.385488461538462,8.0,11.73,10.0,0.2,0.0,0.0,5.752692307692309,115.05384615384617,8,17,4|5,ASSUMED_UNVERIFIED
Z214,2,57.52692307692308,3.5,115.05384615384617,8629.038461538463,4.602153846153847,6.385488461538462,8.0,11.73,10.0,0.2,0.0,0.0,5.752692307692309,115.05384615384617,8,17,4|5,ASSUMED_UNVERIFIED
Z215,2,57.52692307692308,3.5,115.05384615384617,8629.038461538463,4.602153846153847,6.385488461538462,8.0,11.73,10.0,0.2,0.0,0.0,5.752692307692309,115.05384615384617,8,17,4|5,ASSUMED_UNVERIFIED
Z216,2,57.52692307692308,3.5,115.05384615384617,8629.038461538463,4.602153846153847,6.385488461538462,8.0,11.73,10.0,0.2,0.0,0.0,5.752692307692309,115.05384615384617,8,17,4|5,ASSUMED_UNVERIFIED
Z217,2,57.52692307692308,3.5,115.05384615384617,8629.038461538463,4.602153846153847,6.385488461538462,8.0,11.73,10.0,0.2,0.0,0.0,5.752692307692309,115.05384615384617,8,17,4|5,ASSUMED_UNVERIFIED
Z218,2,57.52692307692308,3.5,115.05384615384617,8629.038461538463,4.602153846153847,6.385488461538462,8.0,11.73,10.0,0.2,0.0,0.0,5.752692307692309,115.05384615384617,8,17,4|5,ASSUMED_UNVERIFIED
Z219,2,57.52692307692308,3.5,115.05384615384617,8629.038461538463,4.602153846153847,6.385488461538462,8.0,11.73,10.0,0.2,0.0,0.0,5.752692307692309,115.05384615384617,8,17,4|5,ASSUMED_UNVERIFIED
Z220,2,57.52692307692308,3.5,115.05384615384617,8629.038461538463,4.602153846153847,6.385488461538462,8.0,11.73,10.0,0.2,0.0,0.0,5.752692307692309,115.05384615384617,8,17,4|5,ASSUMED_UNVERIFIED
Z221,2,57.52692307692308,3.5,115.05384615384617,8629.038461538463,4.602153846153847,6.385488461538462,8.0,11.73,10.0,0.2,0.0,0.0,5.752692307692309,115.05384615384617,8,17,4|5,ASSUMED_UNVERIFIED
Z222,2,57.52692307692308,3.5,115.05384615384617,8629.038461538463,4.602153846153847,6.385488461538462,8.0,11.73,10.0,0.2,0.0,0.0,5.752692307692309,115.05384615384617,8,17,4|5,ASSUMED_UNVERIFIED
Z223,2,57.52692307692308,3.5,115.05384615384617,8629.038461538463,4.602153846153847,6.385488461538462,8.0,11.73,10.0,0.2,0.0,0.0,5.752692307692309,115.05384615384617,8,17,4|5,ASSUMED_UNVERIFIED
Z224,2,57.52692307692308,3.5,115.05384615384617,8629.038461538463,4.602153846153847,6.385488461538462,8.0,11.73,10.0,0.2,0.0,0.0,5.752692307692309,115.05384615384617,8,17,4|5,ASSUMED_UNVERIFIED
Z225,2,57.52692307692308,3.5,115.05384615384617,8629.038461538463,4.602153846153847,6.385488461538462,8.0,11.73,10.0,0.2,0.0,0.0,5.752692307692309,115.05384615384617,8,17,4|5,ASSUMED_UNVERIFIED
Z226,2,57.52692307692308,3.5,115.05384615384617,8629.038461538463,4.602153846153847,6.385488461538462,8.0,11.73,10.0,0.2,0.0,0.0,5.752692307692309,115.05384615384617,8,17,4|5,ASSUMED_UNVERIFIED
Z227,2,57.52692307692308,3.5,115.05384615384617,8629.038461538463,4.602153846153847,6.385488461538462,8.0,11.73,10.0,0.2,0.0,0.0,5.752692307692309,115.05384615384617,8,17,4|5,ASSUMED_UNVERIFIED
Z228,2,57.52692307692308,3.5,115.05384615384617,8629.038461538463,4.602153846153847,6.385488461538462,8.0,11.73,10.0,0.2,0.0,0.0,5.752692307692309,115.05384615384617,8,17,4|5,ASSUMED_UNVERIFIED
Z229,2,57.52692307692308,3.5,115.05384615384617,8629.038461538463,4.602153846153847,6.385488461538462,8.0,11.73,10.0,0.2,0.0,0.0,5.752692307692309,115.05384615384617,8,17,4|5,ASSUMED_UNVERIFIED
Z230,2,57.52692307692308,3.5,115.05384615384617,8629.038461538463,4.602153846153847,6.385488461538462,8.0,11.73,10.0,0.2,0.0,0.0,5.752692307692309,115.05384615384617,8,17,4|5,ASSUMED_UNVERIFIED
Z231,2,57.52692307692308,3.5,115.05384615384617,8629.038461538463,4.602153846153847,6.385488461538462,8.0,11.73,10.0,0.2,0.0,0.0,5.752692307692309,115.05384615384617,8,17,4|5,ASSUMED_UNVERIFIED
Z232,2,57.52692307692308,3.5,115.05384615384617,8629.038461538463,4.602153846153847,6.385488461538462,8.0,11.73,10.0,0.2,0.0,0.0,5.752692307692309,115.05384615384617,8,17,4|5,ASSUMED_UNVERIFIED
Z233,2,57.52692307692308,3.5,115.05384615384617,8629.038461538463,4.602153846153847,6.385488461538462,8.0,11.73,10.0,0.2,0.0,0.0,5.752692307692309,115.05384615384617,8,17,4|5,ASSUMED_UNVERIFIED
Z234,2,57.52692307692308,3.5,115.05384615384617,8629.038461538463,4.602153846153847,6.385488461538462,8.0,11.73,10.0,0.2,0.0,0.0,5.752692307692309,115.05384615384617,8,17,4|5,ASSUMED_UNVERIFIED
Z235,3,57.52692307692308,3.5,115.05384615384617,8629.038461538463,4.602153846153847,6.385488461538462,8.0,11.73,10.0,0.2,0.0,0.0,5.752692307692309,115.05384615384617,8,17,4|5,ASSUMED_UNVERIFIED
Z236,3,57.52692307692308,3.5,115.05384615384617,8629.038461538463,4.602153846153847,6.385488461538462,8.0,11.73,10.0,0.2,0.0,0.0,5.752692307692309,115.05384615384617,8,17,4|5,ASSUMED_UNVERIFIED
Z237,3,57.52692307692308,3.5,115.05384615384617,8629.038461538463,4.602153846153847,6.385488461538462,8.0,11.73,10.0,0.2,0.0,0.0,5.752692307692309,115.05384615384617,8,17,4|5,ASSUMED_UNVERIFIED
Z238,3,57.52692307692308,3.5,115.05384615384617,8629.038461538463,4.602153846153847,6.385488461538462,8.0,11.73,10.0,0.2,0.0,0.0,5.752692307692309,115.05384615384617,8,17,4|5,ASSUMED_UNVERIFIED
Z239,3,57.52692307692308,3.5,115.05384615384617,8629.038461538463,4.602153846153847,6.385488461538462,8.0,11.73,10.0,0.2,0.0,0.0,5.752692307692309,115.05384615384617,8,17,4|5,ASSUMED_UNVERIFIED
Z240,3,57.52692307692308,3.5,115.05384615384617,8629.038461538463,4.602153846153847,6.385488461538462,8.0,11.73,10.0,0.2,0.0,0.0,5.752692307692309,115.05384615384617,8,17,4|5,ASSUMED_UNVERIFIED
Z241,3,57.52692307692308,3.5,115.05384615384617,8629.038461538463,4.602153846153847,6.385488461538462,8.0,11.73,10.0,0.2,0.0,0.0,5.752692307692309,115.05384615384617,8,17,4|5,ASSUMED_UNVERIFIED
Z242,3,57.52692307692308,3.5,115.05384615384617,8629.038461538463,4.602153846153847,6.385488461538462,8.0,11.73,10.0,0.2,0.0,0.0,5.752692307692309,115.05384615384617,8,17,4|5,ASSUMED_UNVERIFIED
Z243,3,57.52692307692308,3.5,115.05384615384617,8629.038461538463,4.602153846153847,6.385488461538462,8.0,11.73,10.0,0.2,0.0,0.0,5.752692307692309,115.05384615384617,8,17,4|5,ASSUMED_UNVERIFIED
Z244,3,57.52692307692308,3.5,115.05384615384617,8629.038461538463,4.602153846153847,6.385488461538462,8.0,11.73,10.0,0.2,0.0,0.0,5.752692307692309,115.05384615384617,8,17,4|5,ASSUMED_UNVERIFIED
Z245,3,57.52692307692308,3.5,115.05384615384617,8629.038461538463,4.602153846153847,6.385488461538462,8.0,11.73,10.0,0.2,0.0,0.0,5.752692307692309,115.05384615384617,8,17,4|5,ASSUMED_UNVERIFIED
Z246,3,57.52692307692308,3.5,115.05384615384617,8629.038461538463,4.602153846153847,6.385488461538462,8.0,11.73,10.0,0.2,0.0,0.0,5.752692307692309,115.05384615384617,8,17,4|5,ASSUMED_UNVERIFIED
Z247,3,57.52692307692308,3.5,115.05384615384617,8629.038461538463,4.602153846153847,6.385488461538462,8.0,11.73,10.0,0.2,0.0,0.0,5.752692307692309,115.05384615384617,8,17,4|5,ASSUMED_UNVERIFIED
Z248,3,57.52692307692308,3.5,115.05384615384617,8629.038461538463,4.602153846153847,6.385488461538462,8.0,11.73,10.0,0.2,0.0,0.0,5.752692307692309,115.05384615384617,8,17,4|5,ASSUMED_UNVERIFIED
Z249,3,57.52692307692308,3.5,115.05384615384617,8629.038461538463,4.602153846153847,6.385488461538462,8.0,11.73,10.0,0.2,0.0,0.0,5.752692307692309,115.05384615384617,8,17,4|5,ASSUMED_UNVERIFIED
Z250,3,57.52692307692308,3.5,115.05384615384617,8629.038461538463,4.602153846153847,6.385488461538462,8.0,11.73,10.0,0.2,0.0,0.0,5.752692307692309,115.05384615384617,8,17,4|5,ASSUMED_UNVERIFIED
Z251,3,57.52692307692308,3.5,115.05384615384617,8629.038461538463,4.602153846153847,6.385488461538462,8.0,11.73,10.0,0.2,0.0,0.0,5.752692307692309,115.05384615384617,8,17,4|5,ASSUMED_UNVERIFIED
Z252,3,57.52692307692308,3.5,115.05384615384617,8629.038461538463,4.602153846153847,6.385488461538462,8.0,11.73,10.0,0.2,0.0,0.0,5.752692307692309,115.05384615384617,8,17,4|5,ASSUMED_UNVERIFIED
Z253,3,57.52692307692308,3.5,115.05384615384617,8629.038461538463,4.602153846153847,6.385488461538462,8.0,11.73,10.0,0.2,0.0,0.0,5.752692307692309,115.05384615384617,8,17,4|5,ASSUMED_UNVERIFIED
Z254,3,57.52692307692308,3.5,115.05384615384617,8629.038461538463,4.602153846153847,6.385488461538462,8.0,11.73,10.0,0.2,0.0,0.0,5.752692307692309,115.05384615384617,8,17,4|5,ASSUMED_UNVERIFIED
Z255,3,57.52692307692308,3.5,115.05384615384617,8629.038461538463,4.602153846153847,6.385488461538462,8.0,11.73,10.0,0.2,0.0,0.0,5.752692307692309,115.05384615384617,8,17,4|5,ASSUMED_UNVERIFIED
Z256,3,57.52692307692308,3.5,115.05384615384617,8629.038461538463,4.602153846153847,6.385488461538462,8.0,11.73,10.0,0.2,0.0,0.0,5.752692307692309,115.05384615384617,8,17,4|5,ASSUMED_UNVERIFIED
Z257,3,57.52692307692308,3.5,115.05384615384617,8629.038461538463,4.602153846153847,6.385488461538462,8.0,11.73,10.0,0.2,0.0,0.0,5.752692307692309,115.05384615384617,8,17,4|5,ASSUMED_UNVERIFIED
Z258,3,57.52692307692308,3.5,115.05384615384617,8629.038461538463,4.602153846153847,6.385488461538462,8.0,11.73,10.0,0.2,0.0,0.0,5.752692307692309,115.05384615384617,8,17,4|5,ASSUMED_UNVERIFIED
Z259,3,57.52692307692308,3.5,115.05384615384617,8629.038461538463,4.602153846153847,6.385488461538462,8.0,11.73,10.0,0.2,0.0,0.0,5.752692307692309,115.05384615384617,8,17,4|5,ASSUMED_UNVERIFIED
Z260,3,57.52692307692308,3.5,115.05384615384617,8629.038461538463,4.602153846153847,6.385488461538462,8.0,11.73,10.0,0.2,0.0,0.0,5.752692307692309,115.05384615384617,8,17,4|5,ASSUMED_UNVERIFIED
Z261,3,57.52692307692308,3.5,115.05384615384617,8629.038461538463,4.602153846153847,6.385488461538462,8.0,11.73,10.0,0.2,0.0,0.0,5.752692307692309,115.05384615384617,8,17,4|5,ASSUMED_UNVERIFIED
Z262,3,57.52692307692308,3.5,115.05384615384617,8629.038461538463,4.602153846153847,6.385488461538462,8.0,11.73,10.0,0.2,0.0,0.0,5.752692307692309,115.05384615384617,8,17,4|5,ASSUMED_UNVERIFIED
Z263,3,57.52692307692308,3.5,115.05384615384617,8629.038461538463,4.602153846153847,6.385488461538462,8.0,11.73,10.0,0.2,0.0,0.0,5.752692307692309,115.05384615384617,8,17,4|5,ASSUMED_UNVERIFIED
Z264,3,57.52692307692308,3.5,115.05384615384617,8629.038461538463,4.602153846153847,6.385488461538462,8.0,11.73,10.0,0.2,0.0,0.0,5.752692307692309,115.05384615384617,8,17,4|5,ASSUMED_UNVERIFIED
Z265,3,57.52692307692308,3.5,115.05384615384617,8629.038461538463,4.602153846153847,6.385488461538462,8.0,11.73,10.0,0.2,0.0,0.0,5.752692307692309,115.05384615384617,8,17,4|5,ASSUMED_UNVERIFIED
Z266,3,57.52692307692308,3.5,115.05384615384617,8629.038461538463,4.602153846153847,6.385488461538462,8.0,11.73,10.0,0.2,0.0,0.0,5.752692307692309,115.05384615384617,8,17,4|5,ASSUMED_UNVERIFIED
Z267,3,57.52692307692308,3.5,115.05384615384617,8629.038461538463,4.602153846153847,6.385488461538462,8.0,11.73,10.0,0.2,0.0,0.0,5.752692307692309,115.05384615384617,8,17,4|5,ASSUMED_UNVERIFIED
Z268,3,57.52692307692308,3.5,115.05384615384617,8629.038461538463,4.602153846153847,6.385488461538462,8.0,11.73,10.0,0.2,0.0,0.0,5.752692307692309,115.05384615384617,8,17,4|5,ASSUMED_UNVERIFIED
Z269,3,57.52692307692308,3.5,115.05384615384617,8629.038461538463,4.602153846153847,6.385488461538462,8.0,11.73,10.0,0.2,0.0,0.0,5.752692307692309,115.05384615384617,8,17,4|5,ASSUMED_UNVERIFIED
Z270,3,57.52692307692308,3.5,115.05384615384617,8629.038461538463,4.602153846153847,6.385488461538462,8.0,11.73,10.0,0.2,0.0,0.0,5.752692307692309,115.05384615384617,8,17,4|5,ASSUMED_UNVERIFIED
Z271,3,57.52692307692308,3.5,115.05384615384617,8629.038461538463,4.602153846153847,6.385488461538462,8.0,11.73,10.0,0.2,0.0,0.0,5.752692307692309,115.05384615384617,8,17,4|5,ASSUMED_UNVERIFIED
Z272,3,57.52692307692308,3.5,115.05384615384617,8629.038461538463,4.602153846153847,6.385488461538462,8.0,11.73,10.0,0.2,0.0,0.0,5.752692307692309,115.05384615384617,8,17,4|5,ASSUMED_UNVERIFIED
Z273,3,57.52692307692308,3.5,115.05384615384617,8629.038461538463,4.602153846153847,6.385488461538462,8.0,11.73,10.0,0.2,0.0,0.0,5.752692307692309,115.05384615384617,8,17,4|5,ASSUMED_UNVERIFIED
Z274,3,57.52692307692308,3.5,115.05384615384617,8629.038461538463,4.602153846153847,6.385488461538462,8.0,11.73,10.0,0.2,0.0,0.0,5.752692307692309,115.05384615384617,8,17,4|5,ASSUMED_UNVERIFIED
Z275,3,57.52692307692308,3.5,115.05384615384617,8629.038461538463,4.602153846153847,6.385488461538462,8.0,11.73,10.0,0.2,0.0,0.0,5.752692307692309,115.05384615384617,8,17,4|5,ASSUMED_UNVERIFIED
Z276,3,57.52692307692308,3.5,115.05384615384617,8629.038461538463,4.602153846153847,6.385488461538462,8.0,11.73,10.0,0.2,0.0,0.0,5.752692307692309,115.05384615384617,8,17,4|5,ASSUMED_UNVERIFIED
Z277,3,57.52692307692308,3.5,115.05384615384617,8629.038461538463,4.602153846153847,6.385488461538462,8.0,11.73,10.0,0.2,0.0,0.0,5.752692307692309,115.05384615384617,8,17,4|5,ASSUMED_UNVERIFIED
Z278,3,57.52692307692308,3.5,115.05384615384617,8629.038461538463,4.602153846153847,6.385488461538462,8.0,11.73,10.0,0.2,0.0,0.0,5.752692307692309,115.05384615384617,8,17,4|5,ASSUMED_UNVERIFIED
Z279,3,57.52692307692308,3.5,115.05384615384617,8629.038461538463,4.602153846153847,6.385488461538462,8.0,11.73,10.0,0.2,0.0,0.0,5.752692307692309,115.05384615384617,8,17,4|5,ASSUMED_UNVERIFIED
Z280,3,57.52692307692308,3.5,115.05384615384617,8629.038461538463,4.602153846153847,6.385488461538462,8.0,11.73,10.0,0.2,0.0,0.0,5.752692307692309,115.05384615384617,8,17,4|5,ASSUMED_UNVERIFIED
Z281,3,57.52692307692308,3.5,115.05384615384617,8629.038461538463,4.602153846153847,6.385488461538462,8.0,11.73,10.0,0.2,0.0,0.0,5.752692307692309,115.05384615384617,8,17,4|5,ASSUMED_UNVERIFIED
Z282,3,57.52692307692308,3.5,115.05384615384617,8629.038461538463,4.602153846153847,6.385488461538462,8.0,11.73,10.0,0.2,0.0,0.0,5.752692307692309,115.05384615384617,8,17,4|5,ASSUMED_UNVERIFIED
Z283,3,57.52692307692308,3.5,115.05384615384617,8629.038461538463,4.602153846153847,6.385488461538462,8.0,11.73,10.0,0.2,0.0,0.0,5.752692307692309,115.05384615384617,8,17,4|5,ASSUMED_UNVERIFIED
Z284,3,57.52692307692308,3.5,115.05384615384617,8629.038461538463,4.602153846153847,6.385488461538462,8.0,11.73,10.0,0.2,0.0,0.0,5.752692307692309,115.05384615384617,8,17,4|5,ASSUMED_UNVERIFIED
Z285,3,57.52692307692308,3.5,115.05384615384617,8629.038461538463,4.602153846153847,6.385488461538462,8.0,11.73,10.0,0.2,0.0,0.0,5.752692307692309,115.05384615384617,8,17,4|5,ASSUMED_UNVERIFIED
Z286,3,57.52692307692308,3.5,115.05384615384617,8629.038461538463,4.602153846153847,6.385488461538462,8.0,11.73,10.0,0.2,0.0,0.0,5.752692307692309,115.05384615384617,8,17,4|5,ASSUMED_UNVERIFIED
Z287,3,57.52692307692308,3.5,115.05384615384617,8629.038461538463,4.602153846153847,6.385488461538462,8.0,11.73,10.0,0.2,0.0,0.0,5.752692307692309,115.05384615384617,8,17,4|5,ASSUMED_UNVERIFIED
Z288,3,57.52692307692308,3.5,115.05384615384617,8629.038461538463,4.602153846153847,6.385488461538462,8.0,11.73,10.0,0.2,0.0,0.0,5.752692307692309,115.05384615384617,8,17,4|5,ASSUMED_UNVERIFIED
Z289,3,57.52692307692308,3.5,115.05384615384617,8629.038461538463,4.602153846153847,6.385488461538462,8.0,11.73,10.0,0.2,0.0,0.0,5.752692307692309,115.05384615384617,8,17,4|5,ASSUMED_UNVERIFIED
Z290,3,57.52692307692308,3.5,115.05384615384617,8629.038461538463,4.602153846153847,6.385488461538462,8.0,11.73,10.0,0.2,0.0,0.0,5.752692307692309,115.05384615384617,8,17,4|5,ASSUMED_UNVERIFIED
Z291,3,57.52692307692308,3.5,115.05384615384617,8629.038461538463,4.602153846153847,6.385488461538462,8.0,11.73,10.0,0.2,0.0,0.0,5.752692307692309,115.05384615384617,8,17,4|5,ASSUMED_UNVERIFIED
Z292,3,57.52692307692308,3.5,115.05384615384617,8629.038461538463,4.602153846153847,6.385488461538462,8.0,11.73,10.0,0.2,0.0,0.0,5.752692307692309,115.05384615384617,8,17,4|5,ASSUMED_UNVERIFIED
Z293,3,57.52692307692308,3.5,115.05384615384617,8629.038461538463,4.602153846153847,6.385488461538462,8.0,11.73,10.0,0.2,0.0,0.0,5.752692307692309,115.05384615384617,8,17,4|5,ASSUMED_UNVERIFIED
Z294,3,57.52692307692308,3.5,115.05384615384617,8629.038461538463,4.602153846153847,6.385488461538462,8.0,11.73,10.0,0.2,0.0,0.0,5.752692307692309,115.05384615384617,8,17,4|5,ASSUMED_UNVERIFIED
Z295,3,57.52692307692308,3.5,115.05384615384617,8629.038461538463,4.602153846153847,6.385488461538462,8.0,11.73,10.0,0.2,0.0,0.0,5.752692307692309,115.05384615384617,8,17,4|5,ASSUMED_UNVERIFIED
Z296,3,57.52692307692308,3.5,115.05384615384617,8629.038461538463,4.602153846153847,6.385488461538462,8.0,11.73,10.0,0.2,0.0,0.0,5.752692307692309,115.05384615384617,8,17,4|5,ASSUMED_UNVERIFIED
Z297,3,57.52692307692308,3.5,115.05384615384617,8629.038461538463,4.602153846153847,6.385488461538462,8.0,11.73,10.0,0.2,0.0,0.0,5.752692307692309,115.05384615384617,8,17,4|5,ASSUMED_UNVERIFIED
Z298,3,57.52692307692308,3.5,115.05384615384617,8629.038461538463,4.602153846153847,6.385488461538462,8.0,11.73,10.0,0.2,0.0,0.0,5.752692307692309,115.05384615384617,8,17,4|5,ASSUMED_UNVERIFIED
Z299,3,57.52692307692308,3.5,115.05384615384617,8629.038461538463,4.602153846153847,6.385488461538462,8.0,11.73,10.0,0.2,0.0,0.0,5.752692307692309,115.05384615384617,8,17,4|5,ASSUMED_UNVERIFIED
Z300,3,57.52692307692308,3.5,115.05384615384617,8629.038461538463,4.602153846153847,6.385488461538462,8.0,11.73,10.0,0.2,0.0,0.0,5.752692307692309,115.05384615384617,8,17,4|5,ASSUMED_UNVERIFIED
Z301,3,57.52692307692308,3.5,115.05384615384617,8629.038461538463,4.602153846153847,6.385488461538462,8.0,11.73,10.0,0.2,0.0,0.0,5.752692307692309,115.05384615384617,8,17,4|5,ASSUMED_UNVERIFIED
Z302,3,57.52692307692308,3.5,115.05384615384617,8629.038461538463,4.602153846153847,6.385488461538462,8.0,11.73,10.0,0.2,0.0,0.0,5.752692307692309,115.05384615384617,8,17,4|5,ASSUMED_UNVERIFIED
Z303,3,57.52692307692308,3.5,115.05384615384617,8629.038461538463,4.602153846153847,6.385488461538462,8.0,11.73,10.0,0.2,0.0,0.0,5.752692307692309,115.05384615384617,8,17,4|5,ASSUMED_UNVERIFIED
Z304,3,57.52692307692308,3.5,115.05384615384617,8629.038461538463,4.602153846153847,6.385488461538462,8.0,11.73,10.0,0.2,0.0,0.0,5.752692307692309,115.05384615384617,8,17,4|5,ASSUMED_UNVERIFIED
Z305,3,57.52692307692308,3.5,115.05384615384617,8629.038461538463,4.602153846153847,6.385488461538462,8.0,11.73,10.0,0.2,0.0,0.0,5.752692307692309,115.05384615384617,8,17,4|5,ASSUMED_UNVERIFIED
Z306,3,57.52692307692308,3.5,115.05384615384617,8629.038461538463,4.602153846153847,6.385488461538462,8.0,11.73,10.0,0.2,0.0,0.0,5.752692307692309,115.05384615384617,8,17,4|5,ASSUMED_UNVERIFIED
Z307,3,57.52692307692308,3.5,115.05384615384617,8629.038461538463,4.602153846153847,6.385488461538462,8.0,11.73,10.0,0.2,0.0,0.0,5.752692307692309,115.05384615384617,8,17,4|5,ASSUMED_UNVERIFIED
Z308,3,57.52692307692308,3.5,115.05384615384617,8629.038461538463,4.602153846153847,6.385488461538462,8.0,11.73,10.0,0.2,0.0,0.0,5.752692307692309,115.05384615384617,8,17,4|5,ASSUMED_UNVERIFIED
Z309,3,57.52692307692308,3.5,115.05384615384617,8629.038461538463,4.602153846153847,6.385488461538462,8.0,11.73,10.0,0.2,0.0,0.0,5.752692307692309,115.05384615384617,8,17,4|5,ASSUMED_UNVERIFIED
Z310,3,57.52692307692308,3.5,115.05384615384617,8629.038461538463,4.602153846153847,6.385488461538462,8.0,11.73,10.0,0.2,0.0,0.0,5.752692307692309,115.05384615384617,8,17,4|5,ASSUMED_UNVERIFIED
Z311,3,57.52692307692308,3.5,115.05384615384617,8629.038461538463,4.602153846153847,6.385488461538462,8.0,11.73,10.0,0.2,0.0,0.0,5.752692307692309,115.05384615384617,8,17,4|5,ASSUMED_UNVERIFIED
Z312,3,57.52692307692308,3.5,115.05384615384617,8629.038461538463,4.602153846153847,6.385488461538462,8.0,11.73,10.0,0.2,0.0,0.0,5.752692307692309,115.05384615384617,8,17,4|5,ASSUMED_UNVERIFIED
